{"env_runners": {"episode_reward_max": 4143.0, "episode_reward_min": 3084.0, "episode_reward_mean": 3787.737777777778, "episode_len_mean": 2000.0, "episode_media": {}, "episodes_this_iter": 225, "episodes_timesteps_total": 450000, "policy_reward_min": {"player_0": 342.0, "player_1": 0.0, "player_2": 435.0, "player_3": 371.0, "player_4": 516.0, "player_5": 444.0, "player_6": 492.0}, "policy_reward_max": {"player_0": 798.0, "player_1": 0.0, "player_2": 1010.0, "player_3": 718.0, "player_4": 880.0, "player_5": 866.0, "player_6": 906.0}, "policy_reward_mean": {"player_0": 523.9511111111111, "player_1": 0.0, "player_2": 754.8266666666667, "player_3": 530.4711111111111, "player_4": 697.6311111111111, "player_5": 627.6844444444445, "player_6": 653.1733333333333}, "custom_metrics": {}, "hist_stats": {"episode_reward": [3766.0, 3945.0, 3786.0, 3579.0, 3337.0, 3474.0, 3819.0, 3602.0, 3943.0, 4074.0, 3839.0, 4084.0, 3565.0, 3749.0, 3697.0, 3837.0, 3810.0, 3796.0, 3498.0, 3713.0, 3611.0, 3882.0, 3636.0, 3987.0, 3879.0, 3699.0, 3835.0, 3976.0, 3787.0, 3660.0, 3785.0, 3856.0, 4070.0, 3726.0, 3977.0, 3666.0, 3796.0, 3919.0, 3903.0, 3562.0, 3882.0, 3738.0, 3528.0, 3810.0, 3725.0, 3805.0, 3884.0, 4071.0, 3553.0, 3466.0, 3779.0, 3981.0, 3692.0, 3936.0, 3906.0, 3837.0, 3729.0, 3775.0, 3696.0, 3655.0, 3969.0, 3888.0, 3748.0, 3996.0, 3777.0, 3881.0, 3932.0, 3973.0, 3886.0, 4085.0, 3813.0, 3548.0, 3910.0, 3897.0, 4004.0, 3846.0, 3901.0, 3699.0, 3837.0, 3953.0, 4006.0, 3745.0, 3834.0, 3690.0, 3714.0, 3650.0, 4131.0, 3849.0, 3773.0, 3835.0, 3589.0, 3642.0, 3854.0, 3370.0, 3939.0, 3778.0, 3766.0, 3887.0, 3453.0, 3678.0, 3929.0, 4035.0, 3633.0, 3662.0, 3467.0, 3734.0, 3903.0, 3764.0, 3841.0, 3979.0, 3967.0, 3568.0, 3690.0, 4070.0, 3715.0, 3905.0, 3785.0, 3741.0, 3355.0, 3685.0, 3671.0, 3924.0, 3889.0, 3913.0, 3673.0, 3770.0, 3647.0, 3709.0, 3816.0, 3952.0, 4022.0, 3885.0, 4004.0, 4003.0, 3737.0, 3717.0, 3692.0, 3854.0, 3649.0, 3749.0, 3743.0, 4015.0, 3833.0, 3501.0, 3968.0, 3928.0, 3655.0, 3475.0, 3849.0, 3799.0, 3938.0, 3850.0, 3702.0, 3919.0, 3677.0, 3929.0, 3609.0, 3824.0, 3945.0, 3928.0, 3829.0, 4143.0, 3894.0, 3760.0, 3734.0, 3928.0, 3633.0, 3829.0, 3767.0, 3810.0, 3717.0, 3955.0, 3576.0, 3752.0, 3688.0, 3646.0, 3752.0, 3833.0, 3626.0, 3921.0, 4092.0, 3754.0, 3836.0, 3824.0, 3084.0, 3756.0, 3837.0, 3869.0, 3691.0, 3806.0, 3797.0, 3843.0, 3831.0, 4035.0, 3884.0, 3791.0, 3934.0, 3671.0, 3716.0, 3545.0, 3887.0, 3605.0, 3883.0, 3681.0, 3813.0, 3891.0, 3889.0, 3612.0, 3880.0, 3847.0, 3763.0, 3903.0, 3740.0, 3610.0, 3557.0, 3617.0, 3817.0, 3700.0, 3569.0, 3554.0, 3861.0, 3541.0, 3946.0, 3769.0, 3827.0], "episode_lengths": [2000, 2000, 2000, 2000, 2000, 2000, 2000, 2000, 2000, 2000, 2000, 2000, 2000, 2000, 2000, 2000, 2000, 2000, 2000, 2000, 2000, 2000, 2000, 2000, 2000, 2000, 2000, 2000, 2000, 2000, 2000, 2000, 2000, 2000, 2000, 2000, 2000, 2000, 2000, 2000, 2000, 2000, 2000, 2000, 2000, 2000, 2000, 2000, 2000, 2000, 2000, 2000, 2000, 2000, 2000, 2000, 2000, 2000, 2000, 2000, 2000, 2000, 2000, 2000, 2000, 2000, 2000, 2000, 2000, 2000, 2000, 2000, 2000, 2000, 2000, 2000, 2000, 2000, 2000, 2000, 2000, 2000, 2000, 2000, 2000, 2000, 2000, 2000, 2000, 2000, 2000, 2000, 2000, 2000, 2000, 2000, 2000, 2000, 2000, 2000, 2000, 2000, 2000, 2000, 2000, 2000, 2000, 2000, 2000, 2000, 2000, 2000, 2000, 2000, 2000, 2000, 2000, 2000, 2000, 2000, 2000, 2000, 2000, 2000, 2000, 2000, 2000, 2000, 2000, 2000, 2000, 2000, 2000, 2000, 2000, 2000, 2000, 2000, 2000, 2000, 2000, 2000, 2000, 2000, 2000, 2000, 2000, 2000, 2000, 2000, 2000, 2000, 2000, 2000, 2000, 2000, 2000, 2000, 2000, 2000, 2000, 2000, 2000, 2000, 2000, 2000, 2000, 2000, 2000, 2000, 2000, 2000, 2000, 2000, 2000, 2000, 2000, 2000, 2000, 2000, 2000, 2000, 2000, 2000, 2000, 2000, 2000, 2000, 2000, 2000, 2000, 2000, 2000, 2000, 2000, 2000, 2000, 2000, 2000, 2000, 2000, 2000, 2000, 2000, 2000, 2000, 2000, 2000, 2000, 2000, 2000, 2000, 2000, 2000, 2000, 2000, 2000, 2000, 2000, 2000, 2000, 2000, 2000, 2000, 2000], "policy_player_0_reward": [597.0, 496.0, 545.0, 458.0, 451.0, 477.0, 444.0, 483.0, 489.0, 479.0, 594.0, 648.0, 450.0, 503.0, 476.0, 515.0, 573.0, 620.0, 455.0, 517.0, 423.0, 578.0, 526.0, 614.0, 589.0, 473.0, 567.0, 529.0, 461.0, 500.0, 488.0, 523.0, 571.0, 568.0, 626.0, 488.0, 569.0, 456.0, 489.0, 529.0, 600.0, 551.0, 486.0, 590.0, 503.0, 592.0, 521.0, 636.0, 500.0, 414.0, 634.0, 552.0, 438.0, 602.0, 595.0, 571.0, 533.0, 429.0, 606.0, 447.0, 483.0, 549.0, 461.0, 544.0, 631.0, 514.0, 482.0, 677.0, 621.0, 798.0, 458.0, 494.0, 579.0, 624.0, 415.0, 660.0, 450.0, 467.0, 572.0, 603.0, 534.0, 440.0, 612.0, 492.0, 515.0, 482.0, 560.0, 675.0, 513.0, 425.0, 412.0, 501.0, 422.0, 462.0, 543.0, 611.0, 646.0, 443.0, 451.0, 563.0, 416.0, 575.0, 489.0, 502.0, 470.0, 562.0, 480.0, 455.0, 459.0, 572.0, 650.0, 444.0, 467.0, 613.0, 433.0, 533.0, 629.0, 470.0, 342.0, 471.0, 579.0, 441.0, 692.0, 578.0, 506.0, 529.0, 518.0, 536.0, 525.0, 593.0, 555.0, 507.0, 562.0, 496.0, 505.0, 522.0, 504.0, 587.0, 462.0, 462.0, 487.0, 530.0, 507.0, 516.0, 634.0, 416.0, 544.0, 507.0, 623.0, 491.0, 605.0, 557.0, 529.0, 595.0, 494.0, 414.0, 496.0, 574.0, 556.0, 627.0, 554.0, 606.0, 537.0, 411.0, 585.0, 471.0, 450.0, 478.0, 573.0, 372.0, 544.0, 582.0, 409.0, 480.0, 581.0, 459.0, 460.0, 593.0, 478.0, 635.0, 600.0, 460.0, 515.0, 422.0, 414.0, 523.0, 563.0, 504.0, 422.0, 561.0, 467.0, 597.0, 533.0, 535.0, 516.0, 483.0, 587.0, 499.0, 438.0, 513.0, 530.0, 527.0, 522.0, 461.0, 584.0, 584.0, 575.0, 582.0, 506.0, 582.0, 576.0, 580.0, 395.0, 504.0, 390.0, 537.0, 504.0, 503.0, 497.0, 552.0, 563.0, 590.0, 522.0, 494.0, 405.0], "policy_player_1_reward": [0.0, 0.0, 0.0, 0.0, 0.0, 0.0, 0.0, 0.0, 0.0, 0.0, 0.0, 0.0, 0.0, 0.0, 0.0, 0.0, 0.0, 0.0, 0.0, 0.0, 0.0, 0.0, 0.0, 0.0, 0.0, 0.0, 0.0, 0.0, 0.0, 0.0, 0.0, 0.0, 0.0, 0.0, 0.0, 0.0, 0.0, 0.0, 0.0, 0.0, 0.0, 0.0, 0.0, 0.0, 0.0, 0.0, 0.0, 0.0, 0.0, 0.0, 0.0, 0.0, 0.0, 0.0, 0.0, 0.0, 0.0, 0.0, 0.0, 0.0, 0.0, 0.0, 0.0, 0.0, 0.0, 0.0, 0.0, 0.0, 0.0, 0.0, 0.0, 0.0, 0.0, 0.0, 0.0, 0.0, 0.0, 0.0, 0.0, 0.0, 0.0, 0.0, 0.0, 0.0, 0.0, 0.0, 0.0, 0.0, 0.0, 0.0, 0.0, 0.0, 0.0, 0.0, 0.0, 0.0, 0.0, 0.0, 0.0, 0.0, 0.0, 0.0, 0.0, 0.0, 0.0, 0.0, 0.0, 0.0, 0.0, 0.0, 0.0, 0.0, 0.0, 0.0, 0.0, 0.0, 0.0, 0.0, 0.0, 0.0, 0.0, 0.0, 0.0, 0.0, 0.0, 0.0, 0.0, 0.0, 0.0, 0.0, 0.0, 0.0, 0.0, 0.0, 0.0, 0.0, 0.0, 0.0, 0.0, 0.0, 0.0, 0.0, 0.0, 0.0, 0.0, 0.0, 0.0, 0.0, 0.0, 0.0, 0.0, 0.0, 0.0, 0.0, 0.0, 0.0, 0.0, 0.0, 0.0, 0.0, 0.0, 0.0, 0.0, 0.0, 0.0, 0.0, 0.0, 0.0, 0.0, 0.0, 0.0, 0.0, 0.0, 0.0, 0.0, 0.0, 0.0, 0.0, 0.0, 0.0, 0.0, 0.0, 0.0, 0.0, 0.0, 0.0, 0.0, 0.0, 0.0, 0.0, 0.0, 0.0, 0.0, 0.0, 0.0, 0.0, 0.0, 0.0, 0.0, 0.0, 0.0, 0.0, 0.0, 0.0, 0.0, 0.0, 0.0, 0.0, 0.0, 0.0, 0.0, 0.0, 0.0, 0.0, 0.0, 0.0, 0.0, 0.0, 0.0, 0.0, 0.0, 0.0, 0.0, 0.0, 0.0],