{"env_runners": {"episode_reward_max": 4252.0, "episode_reward_min": 3318.0, "episode_reward_mean": 3842.5733333333333, "episode_len_mean": 2000.0, "episode_media": {}, "episodes_this_iter": 225, "episodes_timesteps_total": 450000, "policy_reward_min": {"player_0": 332.0, "player_1": 0.0, "player_2": 506.0, "player_3": 340.0, "player_4": 517.0, "player_5": 475.0, "player_6": 483.0}, "policy_reward_max": {"player_0": 746.0, "player_1": 0.0, "player_2": 925.0, "player_3": 740.0, "player_4": 902.0, "player_5": 825.0, "player_6": 894.0}, "policy_reward_mean": {"player_0": 543.3955555555556, "player_1": 0.0, "player_2": 734.1644444444445, "player_3": 522.4488888888889, "player_4": 706.7111111111111, "player_5": 655.3777777777777, "player_6": 680.4755555555555}, "custom_metrics": {}, "hist_stats": {"episode_reward": [3961.0, 3713.0, 3924.0, 3670.0, 3961.0, 3865.0, 3898.0, 3885.0, 4065.0, 3947.0, 3880.0, 4005.0, 3936.0, 3739.0, 3782.0, 3713.0, 3823.0, 3778.0, 3940.0, 3905.0, 3907.0, 3919.0, 3609.0, 3901.0, 4033.0, 3734.0, 3809.0, 3701.0, 3854.0, 3963.0, 3757.0, 3568.0, 3874.0, 3943.0, 3914.0, 3993.0, 3860.0, 4138.0, 3874.0, 3624.0, 3802.0, 4115.0, 3857.0, 4032.0, 3699.0, 3983.0, 3915.0, 3957.0, 3482.0, 3788.0, 3975.0, 3732.0, 3825.0, 4078.0, 3751.0, 3875.0, 3961.0, 3731.0, 3745.0, 3713.0, 3732.0, 3914.0, 3987.0, 4252.0, 3720.0, 3716.0, 3780.0, 3807.0, 3902.0, 3952.0, 3622.0, 3745.0, 4173.0, 3738.0, 3899.0, 3768.0, 3533.0, 3853.0, 3318.0, 3991.0, 3942.0, 4012.0, 3868.0, 3935.0, 3592.0, 3884.0, 3651.0, 3784.0, 3823.0, 3979.0, 3697.0, 3746.0, 3819.0, 3997.0, 3885.0, 3862.0, 3654.0, 3844.0, 3943.0, 3762.0, 3735.0, 4146.0, 3660.0, 3606.0, 3908.0, 3900.0, 3975.0, 3769.0, 3695.0, 3958.0, 3818.0, 3890.0, 3951.0, 3758.0, 3613.0, 3866.0, 3825.0, 3694.0, 3763.0, 3845.0, 3926.0, 3918.0, 3644.0, 3979.0, 4165.0, 3821.0, 4047.0, 3983.0, 3730.0, 4008.0, 3809.0, 3855.0, 3905.0, 3939.0, 3396.0, 4036.0, 4067.0, 3747.0, 3938.0, 3681.0, 3779.0, 3757.0, 3673.0, 3790.0, 3923.0, 3781.0, 4040.0, 3739.0, 3681.0, 3885.0, 3427.0, 3891.0, 3790.0, 3738.0, 4205.0, 3355.0, 3844.0, 3957.0, 4013.0, 3877.0, 3753.0, 3870.0, 3730.0, 3693.0, 3900.0, 3986.0, 4148.0, 3819.0, 3962.0, 3698.0, 3862.0, 4007.0, 3852.0, 3810.0, 3649.0, 3843.0, 3852.0, 3797.0, 3892.0, 3882.0, 3869.0, 3813.0, 3973.0, 3804.0, 3764.0, 3371.0, 4010.0, 3700.0, 3697.0, 4002.0, 3779.0, 3918.0, 3918.0, 3925.0, 3854.0, 3898.0, 3882.0, 3872.0, 3726.0, 3972.0, 3635.0, 4134.0, 3984.0, 4117.0, 4006.0, 3755.0, 3922.0, 3598.0, 3930.0, 3702.0, 3574.0, 3905.0, 4015.0, 3753.0, 3990.0, 3917.0, 3568.0, 3854.0, 3715.0, 4008.0, 4075.0, 3803.0, 3819.0, 3953.0, 3519.0], "episode_lengths": [2000, 2000, 2000, 2000, 2000, 2000, 2000, 2000, 2000, 2000, 2000, 2000, 2000, 2000, 2000, 2000, 2000, 2000, 2000, 2000, 2000, 2000, 2000, 2000, 2000, 2000, 2000, 2000, 2000, 2000, 2000, 2000, 2000, 2000, 2000, 2000, 2000, 2000, 2000, 2000, 2000, 2000, 2000, 2000, 2000, 2000, 2000, 2000, 2000, 2000, 2000, 2000, 2000, 2000, 2000, 2000, 2000, 2000, 2000, 2000, 2000, 2000, 2000, 2000, 2000, 2000, 2000, 2000, 2000, 2000, 2000, 2000, 2000, 2000, 2000, 2000, 2000, 2000, 2000, 2000, 2000, 2000, 2000, 2000, 2000, 2000, 2000, 2000, 2000, 2000, 2000, 2000, 2000, 2000, 2000, 2000, 2000, 2000, 2000, 2000, 2000, 2000, 2000, 2000, 2000, 2000, 2000, 2000, 2000, 2000, 2000, 2000, 2000, 2000, 2000, 2000, 2000, 2000, 2000, 2000, 2000, 2000, 2000, 2000, 2000, 2000, 2000, 2000, 2000, 2000, 2000, 2000, 2000, 2000, 2000, 2000, 2000, 2000, 2000, 2000, 2000, 2000, 2000, 2000, 2000, 2000, 2000, 2000, 2000, 2000, 2000, 2000, 2000, 2000, 2000, 2000, 2000, 2000, 2000, 2000, 2000, 2000, 2000, 2000, 2000, 2000, 2000, 2000, 2000, 2000, 2000, 2000, 2000, 2000, 2000, 2000, 2000, 2000, 2000, 2000, 2000, 2000, 2000, 2000, 2000, 2000, 2000, 2000, 2000, 2000, 2000, 2000, 2000, 2000, 2000, 2000, 2000, 2000, 2000, 2000, 2000, 2000, 2000, 2000, 2000, 2000, 2000, 2000, 2000, 2000, 2000, 2000, 2000, 2000, 2000, 2000, 2000, 2000, 2000, 2000, 2000, 2000, 2000, 2000, 2000], "policy_player_0_reward": [580.0, 472.0, 495.0, 587.0, 473.0, 500.0, 573.0, 720.0, 601.0, 613.0, 551.0, 656.0, 542.0, 534.0, 512.0, 572.0, 543.0, 601.0, 435.0, 518.0, 506.0, 589.0, 449.0, 566.0, 600.0, 643.0, 540.0, 440.0, 529.0, 512.0, 675.0, 485.0, 492.0, 498.0, 545.0, 522.0, 567.0, 716.0, 586.0, 510.0, 624.0, 586.0, 550.0, 562.0, 563.0, 597.0, 508.0, 467.0, 579.0, 524.0, 497.0, 534.0, 590.0, 545.0, 440.0, 621.0, 481.0, 568.0, 586.0, 371.0, 467.0, 541.0, 555.0, 633.0, 531.0, 543.0, 443.0, 456.0, 577.0, 524.0, 560.0, 520.0, 731.0, 457.0, 504.0, 569.0, 453.0, 500.0, 448.0, 629.0, 632.0, 674.0, 522.0, 575.0, 428.0, 599.0, 454.0, 647.0, 537.0, 590.0, 661.0, 452.0, 584.0, 594.0, 484.0, 611.0, 558.0, 496.0, 585.0, 746.0, 463.0, 520.0, 607.0, 574.0, 527.0, 612.0, 689.0, 530.0, 471.0, 644.0, 567.0, 505.0, 581.0, 534.0, 476.0, 510.0, 543.0, 414.0, 527.0, 538.0, 584.0, 581.0, 458.0, 634.0, 521.0, 467.0, 491.0, 474.0, 514.0, 540.0, 555.0, 543.0, 544.0, 583.0, 471.0, 579.0, 632.0, 478.0, 606.0, 541.0, 554.0, 534.0, 531.0, 524.0, 573.0, 475.0, 520.0, 479.0, 492.0, 602.0, 433.0, 438.0, 543.0, 531.0, 565.0, 332.0, 460.0, 560.0, 501.0, 543.0, 548.0, 540.0, 454.0, 540.0, 594.0, 578.0, 627.0, 513.0, 602.0, 595.0, 590.0, 555.0, 706.0, 611.0, 426.0, 537.0, 537.0, 525.0, 537.0, 582.0, 563.0, 514.0, 594.0, 571.0, 523.0, 400.0, 598.0, 572.0, 535.0, 576.0, 479.0, 585.0, 514.0, 571.0, 541.0, 438.0, 503.0, 568.0, 459.0, 459.0, 573.0, 574.0, 545.0, 592.0, 556.0, 549.0, 476.0, 540.0, 608.0, 452.0, 597.0, 526.0, 578.0, 538.0, 573.0, 483.0, 508.0, 613.0, 474.0, 675.0, 636.0, 546.0, 527.0, 631.0, 405.0], "policy_player_1_reward": [0.0, 0.0, 0.0, 0.0, 0.0, 0.0, 0.0, 0.0, 0.0, 0.0, 0.0, 0.0, 0.0, 0.0, 0.0, 0.0, 0.0, 0.0, 0.0, 0.0, 0.0, 0.0, 0.0, 0.0, 0.0, 0.0, 0.0, 0.0, 0.0, 0.0, 0.0, 0.0, 0.0, 0.0, 0.0, 0.0, 0.0, 0.0, 0.0, 0.0, 0.0, 0.0, 0.0, 0.0, 0.0, 0.0, 0.0, 0.0, 0.0, 0.0, 0.0, 0.0, 0.0, 0.0, 0.0, 0.0, 0.0, 0.0, 0.0, 0.0, 0.0, 0.0, 0.0, 0.0, 0.0, 0.0, 0.0, 0.0, 0.0, 0.0, 0.0, 0.0, 0.0, 0.0, 0.0, 0.0, 0.0, 0.0, 0.0, 0.0, 0.0, 0.0, 0.0, 0.0, 0.0, 0.0, 0.0, 0.0, 0.0, 0.0, 0.0, 0.0, 0.0, 0.0, 0.0, 0.0, 0.0, 0.0, 0.0, 0.0, 0.0, 0.0, 0.0, 0.0, 0.0, 0.0, 0.0, 0.0, 0.0, 0.0, 0.0, 0.0, 0.0, 0.0, 0.0, 0.0, 0.0, 0.0, 0.0, 0.0, 0.0, 0.0, 0.0, 0.0, 0.0, 0.0, 0.0, 0.0, 0.0, 0.0, 0.0, 0.0, 0.0, 0.0, 0.0, 0.0, 0.0, 0.0, 0.0, 0.0, 0.0, 0.0, 0.0, 0.0, 0.0, 0.0, 0.0, 0.0, 0.0, 0.0, 0.0, 0.0, 0.0, 0.0, 0.0, 0.0, 0.0, 0.0, 0.0, 0.0, 0.0, 0.0, 0.0, 0.0, 0.0, 0.0, 0.0, 0.0, 0.0, 0.0, 0.0, 0.0, 0.0, 0.0, 0.0, 0.0, 0.0, 0.0, 0.0, 0.0, 0.0, 0.0, 0.0, 0.0, 0.0, 0.0, 0.0, 0.0, 0.0, 0.0, 0.0, 0.0, 0.0, 0.0, 0.0, 0.0, 0.0, 0.0, 0.0, 0.0, 0.0, 0.0, 0.0, 0.0, 0.0, 0.0, 0.0, 0.0, 0.0, 0.0, 0.0, 0.0, 0.0, 0.0, 0.0, 0.0, 0.0, 0.0, 0.0, 0.0, 0.0, 0.0, 0.0, 0.0, 0.0],