{"env_runners": {"episode_reward_max": 3972.0, "episode_reward_min": 908.0, "episode_reward_mean": 3476.6, "episode_len_mean": 2000.0, "episode_media": {}, "episodes_this_iter": 225, "episodes_timesteps_total": 450000, "policy_reward_min": {"player_0": 51.0, "player_1": 0.0, "player_2": 184.0, "player_3": 134.0, "player_4": 127.0, "player_5": 117.0, "player_6": 138.0}, "policy_reward_max": {"player_0": 722.0, "player_1": 155.0, "player_2": 1043.0, "player_3": 695.0, "player_4": 846.0, "player_5": 791.0, "player_6": 807.0}, "policy_reward_mean": {"player_0": 470.27555555555557, "player_1": 9.533333333333333, "player_2": 799.5377777777778, "player_3": 471.8666666666667, "player_4": 597.8222222222222, "player_5": 557.6222222222223, "player_6": 569.9422222222222}, "custom_metrics": {}, "hist_stats": {"episode_reward": [1073.0, 1311.0, 1448.0, 1362.0, 1321.0, 1238.0, 1104.0, 908.0, 1289.0, 1172.0, 1015.0, 1346.0, 1322.0, 1337.0, 1351.0, 1079.0, 1172.0, 1199.0, 1301.0, 3581.0, 1266.0, 3732.0, 3626.0, 3681.0, 3700.0, 3671.0, 1311.0, 3603.0, 1536.0, 3679.0, 3818.0, 3511.0, 3742.0, 3668.0, 3652.0, 3879.0, 3817.0, 3888.0, 3870.0, 3724.0, 3742.0, 3954.0, 3788.0, 3836.0, 3754.0, 3483.0, 3818.0, 3821.0, 3722.0, 3595.0, 3713.0, 3587.0, 3395.0, 3598.0, 3758.0, 3702.0, 3904.0, 3741.0, 3659.0, 3584.0, 3671.0, 3960.0, 3764.0, 3904.0, 3851.0, 3609.0, 3753.0, 3650.0, 3366.0, 3747.0, 3704.0, 3774.0, 3682.0, 3723.0, 3755.0, 3505.0, 3786.0, 3838.0, 3692.0, 3618.0, 3793.0, 3801.0, 3835.0, 3789.0, 3730.0, 3671.0, 3701.0, 3759.0, 3671.0, 3670.0, 3502.0, 3534.0, 3649.0, 3956.0, 3633.0, 3799.0, 3833.0, 3786.0, 3498.0, 3577.0, 3698.0, 3762.0, 3811.0, 3735.0, 3649.0, 3589.0, 3748.0, 3758.0, 3492.0, 3740.0, 3831.0, 3855.0, 3495.0, 3743.0, 3785.0, 3926.0, 3909.0, 3832.0, 3700.0, 3832.0, 3614.0, 3810.0, 3620.0, 3828.0, 3720.0, 3855.0, 3698.0, 3849.0, 3852.0, 3415.0, 3481.0, 3825.0, 3972.0, 3797.0, 3610.0, 3393.0, 3621.0, 3799.0, 3581.0, 3946.0, 3751.0, 3915.0, 3517.0, 3666.0, 3481.0, 3491.0, 3653.0, 3860.0, 3736.0, 3483.0, 3798.0, 3689.0, 3706.0, 3911.0, 3671.0, 3806.0, 3776.0, 3468.0, 3593.0, 3797.0, 3482.0, 3551.0, 3677.0, 3793.0, 3857.0, 3737.0, 3742.0, 3787.0, 3799.0, 3879.0, 3704.0, 3954.0, 3554.0, 3573.0, 3689.0, 3706.0, 3841.0, 3819.0, 3899.0, 3748.0, 3922.0, 3882.0, 3718.0, 3939.0, 3815.0, 3658.0, 3795.0, 3864.0, 3697.0, 3578.0, 3783.0, 3433.0, 3559.0, 3819.0, 3706.0, 3916.0, 3712.0, 3773.0, 3772.0, 3585.0, 3664.0, 3695.0, 3682.0, 3683.0, 3677.0, 3709.0, 3548.0, 3945.0, 3596.0, 3802.0, 3708.0, 3487.0, 3918.0, 3592.0, 3717.0, 3414.0, 3752.0, 3741.0, 3739.0, 3767.0, 3685.0, 3856.0, 3772.0, 3731.0, 3698.0], "episode_lengths": [2000, 2000, 2000, 2000, 2000, 2000, 2000, 2000, 2000, 2000, 2000, 2000, 2000, 2000, 2000, 2000, 2000, 2000, 2000, 2000, 2000, 2000, 2000, 2000, 2000, 2000, 2000, 2000, 2000, 2000, 2000, 2000, 2000, 2000, 2000, 2000, 2000, 2000, 2000, 2000, 2000, 2000, 2000, 2000, 2000, 2000, 2000, 2000, 2000, 2000, 2000, 2000, 2000, 2000, 2000, 2000, 2000, 2000, 2000, 2000, 2000, 2000, 2000, 2000, 2000, 2000, 2000, 2000, 2000, 2000, 2000, 2000, 2000, 2000, 2000, 2000, 2000, 2000, 2000, 2000, 2000, 2000, 2000, 2000, 2000, 2000, 2000, 2000, 2000, 2000, 2000, 2000, 2000, 2000, 2000, 2000, 2000, 2000, 2000, 2000, 2000, 2000, 2000, 2000, 2000, 2000, 2000, 2000, 2000, 2000, 2000, 2000, 2000, 2000, 2000, 2000, 2000, 2000, 2000, 2000, 2000, 2000, 2000, 2000, 2000, 2000, 2000, 2000, 2000, 2000, 2000, 2000, 2000, 2000, 2000, 2000, 2000, 2000, 2000, 2000, 2000, 2000, 2000, 2000, 2000, 2000, 2000, 2000, 2000, 2000, 2000, 2000, 2000, 2000, 2000, 2000, 2000, 2000, 2000, 2000, 2000, 2000, 2000, 2000, 2000, 2000, 2000, 2000, 2000, 2000, 2000, 2000, 2000, 2000, 2000, 2000, 2000, 2000, 2000, 2000, 2000, 2000, 2000, 2000, 2000, 2000, 2000, 2000, 2000, 2000, 2000, 2000, 2000, 2000, 2000, 2000, 2000, 2000, 2000, 2000, 2000, 2000, 2000, 2000, 2000, 2000, 2000, 2000, 2000, 2000, 2000, 2000, 2000, 2000, 2000, 2000, 2000, 2000, 2000, 2000, 2000, 2000, 2000, 2000, 2000], "policy_player_0_reward": [51.0, 83.0, 124.0, 100.0, 103.0, 104.0, 81.0, 71.0, 165.0, 114.0, 84.0, 141.0, 136.0, 107.0, 129.0, 110.0, 121.0, 111.0, 126.0, 419.0, 65.0, 521.0, 545.0, 409.0, 575.0, 541.0, 116.0, 570.0, 144.0, 580.0, 579.0, 380.0, 496.0, 396.0, 439.0, 484.0, 545.0, 596.0, 528.0, 526.0, 581.0, 475.0, 464.0, 553.0, 508.0, 388.0, 532.0, 614.0, 578.0, 469.0, 483.0, 442.0, 436.0, 672.0, 585.0, 508.0, 609.0, 410.0, 446.0, 561.0, 558.0, 544.0, 482.0, 554.0, 722.0, 522.0, 422.0, 656.0, 312.0, 585.0, 524.0, 500.0, 538.0, 441.0, 457.0, 417.0, 652.0, 499.0, 604.0, 594.0, 596.0, 480.0, 537.0, 500.0, 530.0, 502.0, 385.0, 584.0, 481.0, 532.0, 392.0, 426.0, 537.0, 469.0, 597.0, 532.0, 500.0, 497.0, 432.0, 489.0, 485.0, 571.0, 594.0, 564.0, 464.0, 443.0, 482.0, 497.0, 416.0, 430.0, 528.0, 604.0, 464.0, 530.0, 516.0, 680.0, 617.0, 382.0, 471.0, 622.0, 360.0, 600.0, 500.0, 508.0, 561.0, 525.0, 467.0, 539.0, 509.0, 373.0, 480.0, 642.0, 509.0, 497.0, 516.0, 335.0, 411.0, 459.0, 478.0, 591.0, 502.0, 476.0, 437.0, 448.0, 385.0, 409.0, 446.0, 623.0, 524.0, 522.0, 511.0, 422.0, 494.0, 541.0, 481.0, 692.0, 527.0, 451.0, 563.0, 446.0, 469.0, 494.0, 456.0, 451.0, 618.0, 510.0, 410.0, 663.0, 566.0, 634.0, 537.0, 568.0, 578.0, 425.0, 505.0, 424.0, 558.0, 569.0, 567.0, 419.0, 501.0, 476.0, 473.0, 442.0, 577.0, 599.0, 491.0, 541.0, 657.0, 450.0, 592.0, 487.0, 462.0, 636.0, 592.0, 475.0, 599.0, 555.0, 453.0, 456.0, 378.0, 407.0, 509.0, 446.0, 413.0, 558.0, 557.0, 540.0, 397.0, 551.0, 641.0, 509.0, 426.0, 490.0, 653.0, 360.0, 410.0, 560.0, 520.0, 344.0, 651.0, 529.0, 567.0, 516.0, 415.0], "policy_player_1_reward": [71.0, 84.0, 138.0, 130.0, 121.0, 62.0, 102.0, 68.0, 72.0, 108.0, 53.0, 111.0, 101.0, 120.0, 110.0, 76.0, 73.0, 106.0, 88.0, 0.0, 98.0, 0.0, 0.0, 0.0, 0.0, 0.0, 98.0, 0.0, 155.0, 0.0, 0.0, 0.0, 0.0, 0.0, 0.0, 0.0, 0.0, 0.0, 0.0, 0.0, 0.0, 0.0, 0.0, 0.0, 0.0, 0.0, 0.0, 0.0, 0.0, 0.0, 0.0, 0.0, 0.0, 0.0, 0.0, 0.0, 0.0, 0.0, 0.0, 0.0, 0.0, 0.0, 0.0, 0.0, 0.0, 0.0, 0.0, 0.0, 0.0, 0.0, 0.0, 0.0, 0.0, 0.0, 0.0, 0.0, 0.0, 0.0, 0.0, 0.0, 0.0, 0.0, 0.0, 0.0, 0.0, 0.0, 0.0, 0.0, 0.0, 0.0, 0.0, 0.0, 0.0, 0.0, 0.0, 0.0, 0.0, 0.0, 0.0, 0.0, 0.0, 0.0, 0.0, 0.0, 0.0, 0.0, 0.0, 0.0, 0.0, 0.0, 0.0, 0.0, 0.0, 0.0, 0.0, 0.0, 0.0, 0.0, 0.0, 0.0, 0.0, 0.0, 0.0, 0.0, 0.0, 0.0, 0.0, 0.0, 0.0, 0.0, 0.0, 0.0, 0.0, 0.0, 0.0, 0.0, 0.0, 0.0, 0.0, 0.0, 0.0, 0.0, 0.0, 0.0, 0.0, 0.0, 0.0, 0.0, 0.0, 0.0, 0.0, 0.0, 0.0, 0.0, 0.0, 0.0, 0.0, 0.0, 0.0, 0.0, 0.0, 0.0, 0.0, 0.0, 0.0, 0.0, 0.0, 0.0, 0.0, 0.0, 0.0, 0.0, 0.0, 0.0, 0.0, 0.0, 0.0, 0.0, 0.0, 0.0, 0.0, 0.0, 0.0, 0.0, 0.0, 0.0, 0.0, 0.0, 0.0, 0.0, 0.0, 0.0, 0.0, 0.0, 0.0, 0.0, 0.0, 0.0, 0.0, 0.0, 0.0, 0.0, 0.0, 0.0, 0.0, 0.0, 0.0, 0.0, 0.0, 0.0, 0.0, 0.0, 0.0, 0.0, 0.0, 0.0, 0.0, 0.0, 0.0, 0.0, 0.0, 0.0, 0.0, 0.0, 0.0],