{"env_runners": {"episode_reward_max": 4418.0, "episode_reward_min": 3545.0, "episode_reward_mean": 3950.7466666666664, "episode_len_mean": 2000.0, "episode_media": {}, "episodes_this_iter": 225, "episodes_timesteps_total": 450000, "policy_reward_min": {"player_0": 373.0, "player_1": 0.0, "player_2": 542.0, "player_3": 413.0, "player_4": 421.0, "player_5": 482.0, "player_6": 502.0}, "policy_reward_max": {"player_0": 809.0, "player_1": 0.0, "player_2": 940.0, "player_3": 752.0, "player_4": 837.0, "player_5": 818.0, "player_6": 914.0}, "policy_reward_mean": {"player_0": 585.6844444444445, "player_1": 0.0, "player_2": 740.4222222222222, "player_3": 551.0977777777778, "player_4": 657.8222222222222, "player_5": 682.0088888888889, "player_6": 733.7111111111111}, "custom_metrics": {}, "hist_stats": {"episode_reward": [3905.0, 3920.0, 3930.0, 3767.0, 3662.0, 4092.0, 4056.0, 3612.0, 3729.0, 3849.0, 3947.0, 3837.0, 3838.0, 3933.0, 3910.0, 3946.0, 4058.0, 3707.0, 3784.0, 3627.0, 3886.0, 3588.0, 4065.0, 3952.0, 3704.0, 3937.0, 3848.0, 4198.0, 4097.0, 3939.0, 3739.0, 4129.0, 3926.0, 3957.0, 4027.0, 3956.0, 3990.0, 3880.0, 3979.0, 4011.0, 4132.0, 3950.0, 3928.0, 4186.0, 4155.0, 4092.0, 3909.0, 3972.0, 3904.0, 4063.0, 3897.0, 3993.0, 3991.0, 3985.0, 4039.0, 3922.0, 3969.0, 3824.0, 3666.0, 3988.0, 3797.0, 4115.0, 3910.0, 4097.0, 3791.0, 4004.0, 4079.0, 3815.0, 4040.0, 4221.0, 3996.0, 3811.0, 3809.0, 3905.0, 3967.0, 3965.0, 3822.0, 4000.0, 3595.0, 3576.0, 4027.0, 4038.0, 3887.0, 3976.0, 4132.0, 3835.0, 3993.0, 3876.0, 4096.0, 4094.0, 3994.0, 3964.0, 4025.0, 3841.0, 4113.0, 4095.0, 4014.0, 3889.0, 3983.0, 3771.0, 3965.0, 4003.0, 3814.0, 3902.0, 4012.0, 3937.0, 4155.0, 4070.0, 4084.0, 3593.0, 3577.0, 3987.0, 3993.0, 3786.0, 4028.0, 4300.0, 4051.0, 4030.0, 3971.0, 3921.0, 4258.0, 3730.0, 3811.0, 3994.0, 3944.0, 4125.0, 3886.0, 4068.0, 3843.0, 3820.0, 3881.0, 3837.0, 3985.0, 3807.0, 3847.0, 3856.0, 3970.0, 4134.0, 3753.0, 4147.0, 3723.0, 3924.0, 3885.0, 3848.0, 4073.0, 3720.0, 3871.0, 3928.0, 3974.0, 3840.0, 3882.0, 4098.0, 3975.0, 3984.0, 3909.0, 4236.0, 4186.0, 4130.0, 3848.0, 3921.0, 3558.0, 4206.0, 4148.0, 4167.0, 4025.0, 4211.0, 4053.0, 3622.0, 3947.0, 4154.0, 3934.0, 4137.0, 3935.0, 3947.0, 3730.0, 3951.0, 3934.0, 4064.0, 3984.0, 3815.0, 4296.0, 3970.0, 3665.0, 4011.0, 4036.0, 4112.0, 3956.0, 4045.0, 3757.0, 3926.0, 3868.0, 4174.0, 4050.0, 4028.0, 4069.0, 4030.0, 3843.0, 3919.0, 3807.0, 3934.0, 4149.0, 4073.0, 4064.0, 4093.0, 3963.0, 4127.0, 4161.0, 4039.0, 3897.0, 3844.0, 4109.0, 4014.0, 3639.0, 3545.0, 3965.0, 3975.0, 4418.0, 4082.0, 3899.0, 4083.0, 3949.0, 3767.0, 4067.0, 3951.0, 3757.0], "episode_lengths": [2000, 2000, 2000, 2000, 2000, 2000, 2000, 2000, 2000, 2000, 2000, 2000, 2000, 2000, 2000, 2000, 2000, 2000, 2000, 2000, 2000, 2000, 2000, 2000, 2000, 2000, 2000, 2000, 2000, 2000, 2000, 2000, 2000, 2000, 2000, 2000, 2000, 2000, 2000, 2000, 2000, 2000, 2000, 2000, 2000, 2000, 2000, 2000, 2000, 2000, 2000, 2000, 2000, 2000, 2000, 2000, 2000, 2000, 2000, 2000, 2000, 2000, 2000, 2000, 2000, 2000, 2000, 2000, 2000, 2000, 2000, 2000, 2000, 2000, 2000, 2000, 2000, 2000, 2000, 2000, 2000, 2000, 2000, 2000, 2000, 2000, 2000, 2000, 2000, 2000, 2000, 2000, 2000, 2000, 2000, 2000, 2000, 2000, 2000, 2000, 2000, 2000, 2000, 2000, 2000, 2000, 2000, 2000, 2000, 2000, 2000, 2000, 2000, 2000, 2000, 2000, 2000, 2000, 2000, 2000, 2000, 2000, 2000, 2000, 2000, 2000, 2000, 2000, 2000, 2000, 2000, 2000, 2000, 2000, 2000, 2000, 2000, 2000, 2000, 2000, 2000, 2000, 2000, 2000, 2000, 2000, 2000, 2000, 2000, 2000, 2000, 2000, 2000, 2000, 2000, 2000, 2000, 2000, 2000, 2000, 2000, 2000, 2000, 2000, 2000, 2000, 2000, 2000, 2000, 2000, 2000, 2000, 2000, 2000, 2000, 2000, 2000, 2000, 2000, 2000, 2000, 2000, 2000, 2000, 2000, 2000, 2000, 2000, 2000, 2000, 2000, 2000, 2000, 2000, 2000, 2000, 2000, 2000, 2000, 2000, 2000, 2000, 2000, 2000, 2000, 2000, 2000, 2000, 2000, 2000, 2000, 2000, 2000, 2000, 2000, 2000, 2000, 2000, 2000, 2000, 2000, 2000, 2000, 2000, 2000], "policy_player_0_reward": [635.0, 537.0, 644.0, 534.0, 478.0, 468.0, 520.0, 476.0, 498.0, 557.0, 564.0, 665.0, 516.0, 513.0, 596.0, 566.0, 561.0, 397.0, 528.0, 565.0, 601.0, 507.0, 549.0, 483.0, 652.0, 589.0, 667.0, 684.0, 750.0, 496.0, 554.0, 544.0, 539.0, 729.0, 626.0, 611.0, 512.0, 638.0, 609.0, 548.0, 720.0, 514.0, 619.0, 617.0, 715.0, 656.0, 610.0, 638.0, 544.0, 643.0, 620.0, 665.0, 486.0, 633.0, 704.0, 568.0, 573.0, 646.0, 525.0, 527.0, 500.0, 676.0, 585.0, 488.0, 596.0, 509.0, 556.0, 637.0, 601.0, 590.0, 557.0, 535.0, 518.0, 582.0, 715.0, 656.0, 593.0, 588.0, 373.0, 549.0, 693.0, 623.0, 476.0, 535.0, 692.0, 519.0, 554.0, 597.0, 716.0, 613.0, 551.0, 612.0, 596.0, 615.0, 678.0, 675.0, 582.0, 699.0, 562.0, 606.0, 576.0, 564.0, 564.0, 489.0, 599.0, 476.0, 588.0, 543.0, 573.0, 432.0, 424.0, 478.0, 561.0, 574.0, 612.0, 579.0, 603.0, 557.0, 692.0, 611.0, 549.0, 552.0, 577.0, 656.0, 698.0, 614.0, 528.0, 564.0, 683.0, 527.0, 557.0, 477.0, 512.0, 596.0, 573.0, 543.0, 511.0, 551.0, 567.0, 600.0, 520.0, 570.0, 570.0, 441.0, 589.0, 667.0, 545.0, 525.0, 797.0, 564.0, 563.0, 560.0, 577.0, 526.0, 553.0, 658.0, 523.0, 624.0, 612.0, 526.0, 391.0, 627.0, 643.0, 612.0, 621.0, 700.0, 597.0, 547.0, 613.0, 478.0, 628.0, 597.0, 671.0, 730.0, 584.0, 547.0, 558.0, 727.0, 643.0, 565.0, 739.0, 606.0, 562.0, 570.0, 586.0, 678.0, 629.0, 582.0, 554.0, 757.0, 581.0, 656.0, 634.0, 647.0, 450.0, 554.0, 548.0, 669.0, 628.0, 679.0, 483.0, 621.0, 684.0, 621.0, 607.0, 622.0, 652.0, 680.0, 528.0, 561.0, 619.0, 537.0, 448.0, 527.0, 623.0, 656.0, 809.0, 548.0, 483.0, 684.0, 567.0, 457.0, 675.0, 640.0, 492.0], "policy_player_1_reward": [0.0, 0.0, 0.0, 0.0, 0.0, 0.0, 0.0, 0.0, 0.0, 0.0, 0.0, 0.0, 0.0, 0.0, 0.0, 0.0, 0.0, 0.0, 0.0, 0.0, 0.0, 0.0, 0.0, 0.0, 0.0, 0.0, 0.0, 0.0, 0.0, 0.0, 0.0, 0.0, 0.0, 0.0, 0.0, 0.0, 0.0, 0.0, 0.0, 0.0, 0.0, 0.0, 0.0, 0.0, 0.0, 0.0, 0.0, 0.0, 0.0, 0.0, 0.0, 0.0, 0.0, 0.0, 0.0, 0.0, 0.0, 0.0, 0.0, 0.0, 0.0, 0.0, 0.0, 0.0, 0.0, 0.0, 0.0, 0.0, 0.0, 0.0, 0.0, 0.0, 0.0, 0.0, 0.0, 0.0, 0.0, 0.0, 0.0, 0.0, 0.0, 0.0, 0.0, 0.0, 0.0, 0.0, 0.0, 0.0, 0.0, 0.0, 0.0, 0.0, 0.0, 0.0, 0.0, 0.0, 0.0, 0.0, 0.0, 0.0, 0.0, 0.0, 0.0, 0.0, 0.0, 0.0, 0.0, 0.0, 0.0, 0.0, 0.0, 0.0, 0.0, 0.0, 0.0, 0.0, 0.0, 0.0, 0.0, 0.0, 0.0, 0.0, 0.0, 0.0, 0.0, 0.0, 0.0, 0.0, 0.0, 0.0, 0.0, 0.0, 0.0, 0.0, 0.0, 0.0, 0.0, 0.0, 0.0, 0.0, 0.0, 0.0, 0.0, 0.0, 0.0, 0.0, 0.0, 0.0, 0.0, 0.0, 0.0, 0.0, 0.0, 0.0, 0.0, 0.0, 0.0, 0.0, 0.0, 0.0, 0.0, 0.0, 0.0, 0.0, 0.0, 0.0, 0.0, 0.0, 0.0, 0.0, 0.0, 0.0, 0.0, 0.0, 0.0, 0.0, 0.0, 0.0, 0.0, 0.0, 0.0, 0.0, 0.0, 0.0, 0.0, 0.0, 0.0, 0.0, 0.0, 0.0, 0.0, 0.0, 0.0, 0.0, 0.0, 0.0, 0.0, 0.0, 0.0, 0.0, 0.0, 0.0, 0.0, 0.0, 0.0, 0.0, 0.0, 0.0, 0.0, 0.0, 0.0, 0.0, 0.0, 0.0, 0.0, 0.0, 0.0, 0.0, 0.0, 0.0, 0.0, 0.0, 0.0, 0.0, 0.0],