{"env_runners": {"episode_reward_max": 1738.0, "episode_reward_min": 1101.0, "episode_reward_mean": 1466.0311111111112, "episode_len_mean": 2000.0, "episode_media": {}, "episodes_this_iter": 225, "episodes_timesteps_total": 450000, "policy_reward_min": {"player_0": 56.0, "player_1": 44.0, "player_2": 163.0, "player_3": 118.0, "player_4": 121.0, "player_5": 147.0, "player_6": 132.0}, "policy_reward_max": {"player_0": 260.0, "player_1": 177.0, "player_2": 393.0, "player_3": 364.0, "player_4": 312.0, "player_5": 368.0, "player_6": 325.0}, "policy_reward_mean": {"player_0": 136.24, "player_1": 114.05777777777777, "player_2": 272.70666666666665, "player_3": 237.57333333333332, "player_4": 213.8088888888889, "player_5": 262.99555555555554, "player_6": 228.64888888888888}, "custom_metrics": {}, "hist_stats": {"episode_reward": [1484.0, 1520.0, 1693.0, 1518.0, 1587.0, 1434.0, 1623.0, 1455.0, 1284.0, 1435.0, 1354.0, 1413.0, 1530.0, 1487.0, 1267.0, 1592.0, 1450.0, 1546.0, 1540.0, 1326.0, 1216.0, 1738.0, 1690.0, 1395.0, 1473.0, 1369.0, 1630.0, 1479.0, 1699.0, 1497.0, 1576.0, 1480.0, 1460.0, 1433.0, 1400.0, 1567.0, 1385.0, 1360.0, 1519.0, 1333.0, 1462.0, 1539.0, 1349.0, 1479.0, 1507.0, 1658.0, 1367.0, 1488.0, 1626.0, 1385.0, 1569.0, 1610.0, 1507.0, 1568.0, 1465.0, 1432.0, 1471.0, 1403.0, 1545.0, 1360.0, 1521.0, 1550.0, 1601.0, 1407.0, 1583.0, 1509.0, 1575.0, 1268.0, 1537.0, 1323.0, 1550.0, 1499.0, 1255.0, 1371.0, 1518.0, 1444.0, 1407.0, 1621.0, 1451.0, 1600.0, 1555.0, 1101.0, 1621.0, 1367.0, 1365.0, 1114.0, 1504.0, 1322.0, 1525.0, 1278.0, 1526.0, 1405.0, 1596.0, 1458.0, 1520.0, 1467.0, 1505.0, 1397.0, 1258.0, 1560.0, 1428.0, 1329.0, 1573.0, 1509.0, 1462.0, 1460.0, 1452.0, 1524.0, 1534.0, 1221.0, 1435.0, 1454.0, 1592.0, 1686.0, 1491.0, 1363.0, 1364.0, 1312.0, 1284.0, 1545.0, 1250.0, 1427.0, 1406.0, 1551.0, 1465.0, 1389.0, 1476.0, 1612.0, 1499.0, 1427.0, 1407.0, 1453.0, 1506.0, 1588.0, 1480.0, 1545.0, 1298.0, 1241.0, 1536.0, 1300.0, 1470.0, 1488.0, 1569.0, 1505.0, 1118.0, 1113.0, 1227.0, 1529.0, 1488.0, 1608.0, 1487.0, 1470.0, 1371.0, 1737.0, 1486.0, 1672.0, 1449.0, 1325.0, 1609.0, 1470.0, 1605.0, 1327.0, 1455.0, 1451.0, 1151.0, 1420.0, 1645.0, 1293.0, 1405.0, 1370.0, 1533.0, 1414.0, 1493.0, 1490.0, 1146.0, 1529.0, 1298.0, 1432.0, 1541.0, 1460.0, 1578.0, 1534.0, 1458.0, 1401.0, 1637.0, 1477.0, 1382.0, 1690.0, 1466.0, 1196.0, 1522.0, 1657.0, 1385.0, 1534.0, 1305.0, 1633.0, 1351.0, 1324.0, 1447.0, 1382.0, 1616.0, 1505.0, 1463.0, 1525.0, 1732.0, 1462.0, 1621.0, 1558.0, 1570.0, 1364.0, 1602.0, 1515.0, 1576.0, 1561.0, 1352.0, 1398.0, 1502.0, 1538.0, 1466.0, 1686.0, 1523.0, 1245.0, 1371.0, 1571.0, 1592.0], "episode_lengths": [2000, 2000, 2000, 2000, 2000, 2000, 2000, 2000, 2000, 2000, 2000, 2000, 2000, 2000, 2000, 2000, 2000, 2000, 2000, 2000, 2000, 2000, 2000, 2000, 2000, 2000, 2000, 2000, 2000, 2000, 2000, 2000, 2000, 2000, 2000, 2000, 2000, 2000, 2000, 2000, 2000, 2000, 2000, 2000, 2000, 2000, 2000, 2000, 2000, 2000, 2000, 2000, 2000, 2000, 2000, 2000, 2000, 2000, 2000, 2000, 2000, 2000, 2000, 2000, 2000, 2000, 2000, 2000, 2000, 2000, 2000, 2000, 2000, 2000, 2000, 2000, 2000, 2000, 2000, 2000, 2000, 2000, 2000, 2000, 2000, 2000, 2000, 2000, 2000, 2000, 2000, 2000, 2000, 2000, 2000, 2000, 2000, 2000, 2000, 2000, 2000, 2000, 2000, 2000, 2000, 2000, 2000, 2000, 2000, 2000, 2000, 2000, 2000, 2000, 2000, 2000, 2000, 2000, 2000, 2000, 2000, 2000, 2000, 2000, 2000, 2000, 2000, 2000, 2000, 2000, 2000, 2000, 2000, 2000, 2000, 2000, 2000, 2000, 2000, 2000, 2000, 2000, 2000, 2000, 2000, 2000, 2000, 2000, 2000, 2000, 2000, 2000, 2000, 2000, 2000, 2000, 2000, 2000, 2000, 2000, 2000, 2000, 2000, 2000, 2000, 2000, 2000, 2000, 2000, 2000, 2000, 2000, 2000, 2000, 2000, 2000, 2000, 2000, 2000, 2000, 2000, 2000, 2000, 2000, 2000, 2000, 2000, 2000, 2000, 2000, 2000, 2000, 2000, 2000, 2000, 2000, 2000, 2000, 2000, 2000, 2000, 2000, 2000, 2000, 2000, 2000, 2000, 2000, 2000, 2000, 2000, 2000, 2000, 2000, 2000, 2000, 2000, 2000, 2000, 2000, 2000, 2000, 2000, 2000, 2000], "policy_player_0_reward": [226.0, 175.0, 184.0, 173.0, 166.0, 127.0, 191.0, 167.0, 167.0, 245.0, 171.0, 137.0, 201.0, 166.0, 204.0, 215.0, 145.0, 168.0, 260.0, 189.0, 97.0, 109.0, 176.0, 155.0, 121.0, 147.0, 155.0, 133.0, 151.0, 157.0, 150.0, 137.0, 177.0, 141.0, 103.0, 103.0, 110.0, 131.0, 136.0, 150.0, 56.0, 158.0, 100.0, 212.0, 113.0, 109.0, 125.0, 135.0, 212.0, 132.0, 91.0, 117.0, 91.0, 170.0, 158.0, 90.0, 126.0, 114.0, 137.0, 85.0, 167.0, 109.0, 98.0, 130.0, 103.0, 129.0, 158.0, 129.0, 206.0, 153.0, 148.0, 197.0, 109.0, 113.0, 188.0, 159.0, 114.0, 157.0, 87.0, 157.0, 82.0, 65.0, 134.0, 76.0, 101.0, 124.0, 124.0, 112.0, 142.0, 72.0, 151.0, 92.0, 175.0, 104.0, 131.0, 143.0, 131.0, 153.0, 66.0, 127.0, 107.0, 135.0, 116.0, 163.0, 97.0, 182.0, 102.0, 101.0, 89.0, 151.0, 179.0, 129.0, 159.0, 118.0, 144.0, 129.0, 114.0, 100.0, 103.0, 111.0, 87.0, 158.0, 100.0, 177.0, 116.0, 96.0, 174.0, 126.0, 151.0, 117.0, 121.0, 118.0, 159.0, 165.0, 110.0, 157.0, 130.0, 61.0, 123.0, 73.0, 159.0, 122.0, 136.0, 112.0, 81.0, 111.0, 84.0, 137.0, 138.0, 181.0, 142.0, 203.0, 120.0, 198.0, 65.0, 165.0, 82.0, 78.0, 146.0, 63.0, 135.0, 145.0, 165.0, 140.0, 84.0, 110.0, 144.0, 144.0, 162.0, 132.0, 110.0, 136.0, 163.0, 172.0, 96.0, 130.0, 114.0, 152.0, 112.0, 165.0, 153.0, 191.0, 121.0, 131.0, 140.0, 196.0, 161.0, 230.0, 130.0, 128.0, 97.0, 122.0, 120.0, 131.0, 122.0, 134.0, 125.0, 105.0, 106.0, 121.0, 177.0, 149.0, 124.0, 114.0, 219.0, 134.0, 119.0, 97.0, 126.0, 133.0, 159.0, 140.0, 143.0, 158.0, 134.0, 127.0, 176.0, 155.0, 143.0, 164.0, 175.0, 133.0, 76.0, 130.0, 140.0], "policy_player_1_reward": [124.0, 143.0, 140.0, 114.0, 162.0, 122.0, 156.0, 126.0, 125.0, 136.0, 100.0, 124.0, 130.0, 131.0, 99.0, 110.0, 104.0, 122.0, 135.0, 97.0, 106.0, 143.0, 136.0, 127.0, 111.0, 150.0, 101.0, 124.0, 149.0, 107.0, 122.0, 146.0, 98.0, 125.0, 109.0, 95.0, 74.0, 76.0, 103.0, 129.0, 167.0, 132.0, 99.0, 147.0, 103.0, 111.0, 83.0, 93.0, 132.0, 114.0, 141.0, 113.0, 116.0, 133.0, 119.0, 112.0, 98.0, 96.0, 128.0, 93.0, 134.0, 119.0, 81.0, 109.0, 151.0, 92.0, 102.0, 44.0, 154.0, 60.0, 96.0, 157.0, 76.0, 155.0, 155.0, 90.0, 98.0, 92.0, 138.0, 168.0, 117.0, 75.0, 161.0, 93.0, 116.0, 93.0, 115.0, 102.0, 146.0, 100.0, 117.0, 117.0, 140.0, 124.0, 83.0, 140.0, 136.0, 106.0, 93.0, 119.0, 105.0, 82.0, 104.0, 130.0, 109.0, 132.0, 79.0, 106.0, 128.0, 72.0, 117.0, 113.0, 116.0, 148.0, 142.0, 127.0, 123.0, 91.0, 101.0, 94.0, 92.0, 119.0, 107.0, 113.0, 85.0, 121.0, 116.0, 104.0, 99.0, 100.0, 92.0, 65.0, 113.0, 117.0, 147.0, 98.0, 93.0, 88.0, 146.0, 109.0, 65.0, 177.0, 120.0, 129.0, 129.0, 56.0, 127.0, 104.0, 138.0, 132.0, 72.0, 137.0, 124.0, 121.0, 114.0, 117.0, 167.0, 100.0, 88.0, 151.0, 78.0, 112.0, 99.0, 115.0, 89.0, 91.0, 165.0, 115.0, 112.0, 112.0, 106.0, 114.0, 111.0, 106.0, 79.0, 151.0, 120.0, 177.0, 163.0, 127.0, 89.0, 83.0, 125.0, 83.0, 120.0, 102.0, 83.0, 123.0, 104.0, 84.0, 111.0, 124.0, 92.0, 90.0, 108.0, 120.0, 111.0, 60.0, 113.0, 108.0, 126.0, 171.0, 110.0, 84.0, 148.0, 97.0, 114.0, 93.0, 96.0, 85.0, 91.0, 98.0, 141.0, 109.0, 101.0, 54.0, 168.0, 115.0, 106.0, 151.0, 136.0, 90.0, 174.0, 119.0, 75.0],