{"env_runners": {"episode_reward_max": 4423.0, "episode_reward_min": 3135.0, "episode_reward_mean": 4025.6444444444446, "episode_len_mean": 2000.0, "episode_media": {}, "episodes_this_iter": 225, "episodes_timesteps_total": 450000, "policy_reward_min": {"player_0": 452.0, "player_1": 0.0, "player_2": 483.0, "player_3": 439.0, "player_4": 473.0, "player_5": 395.0, "player_6": 632.0}, "policy_reward_max": {"player_0": 845.0, "player_1": 0.0, "player_2": 921.0, "player_3": 775.0, "player_4": 830.0, "player_5": 863.0, "player_6": 953.0}, "policy_reward_mean": {"player_0": 645.1022222222222, "player_1": 0.0, "player_2": 736.7377777777778, "player_3": 609.2666666666667, "player_4": 647.1022222222222, "player_5": 590.2088888888889, "player_6": 797.2266666666667}, "custom_metrics": {}, "hist_stats": {"episode_reward": [3797.0, 4088.0, 3832.0, 3890.0, 3974.0, 3852.0, 3941.0, 3848.0, 3732.0, 3746.0, 3984.0, 3798.0, 3896.0, 4090.0, 4255.0, 3958.0, 3935.0, 3958.0, 4026.0, 3996.0, 3998.0, 4028.0, 4162.0, 4199.0, 4225.0, 4051.0, 3919.0, 4046.0, 4093.0, 4232.0, 4144.0, 4053.0, 4032.0, 3812.0, 4116.0, 3928.0, 4239.0, 3992.0, 4010.0, 3958.0, 3853.0, 3876.0, 4252.0, 3947.0, 4135.0, 4024.0, 4033.0, 4126.0, 4064.0, 4113.0, 4014.0, 3585.0, 4029.0, 3924.0, 3942.0, 4129.0, 4165.0, 3601.0, 3989.0, 4145.0, 4090.0, 3942.0, 4258.0, 4033.0, 4078.0, 4142.0, 4171.0, 4156.0, 3831.0, 4142.0, 3924.0, 3909.0, 3428.0, 4139.0, 4257.0, 4312.0, 4128.0, 3997.0, 4208.0, 4005.0, 4099.0, 3818.0, 3962.0, 4077.0, 4041.0, 4132.0, 4044.0, 3743.0, 3893.0, 4140.0, 3965.0, 3698.0, 3958.0, 4267.0, 3975.0, 4158.0, 3771.0, 3873.0, 4018.0, 4270.0, 4083.0, 4159.0, 4062.0, 3719.0, 4114.0, 3836.0, 3962.0, 4308.0, 4141.0, 4224.0, 3851.0, 3946.0, 3871.0, 4057.0, 3840.0, 4011.0, 3871.0, 4237.0, 3927.0, 4255.0, 4264.0, 3920.0, 3757.0, 4119.0, 4261.0, 3962.0, 3917.0, 3995.0, 4019.0, 3990.0, 4150.0, 3979.0, 3963.0, 4272.0, 3925.0, 4233.0, 4220.0, 4095.0, 4170.0, 4077.0, 4029.0, 3791.0, 4217.0, 3972.0, 4067.0, 4070.0, 3979.0, 4113.0, 3829.0, 4059.0, 4246.0, 4203.0, 3938.0, 4230.0, 3779.0, 4152.0, 3964.0, 3999.0, 3864.0, 4106.0, 4092.0, 3749.0, 4310.0, 3983.0, 4193.0, 4130.0, 4174.0, 3876.0, 3891.0, 3966.0, 4257.0, 4233.0, 4080.0, 4102.0, 4173.0, 4171.0, 4227.0, 3851.0, 4154.0, 4423.0, 3885.0, 4206.0, 4040.0, 3989.0, 4233.0, 3924.0, 3690.0, 4029.0, 3930.0, 3667.0, 4109.0, 4229.0, 4096.0, 4080.0, 4259.0, 3973.0, 4074.0, 4107.0, 4184.0, 4306.0, 4120.0, 3464.0, 4158.0, 4129.0, 3960.0, 3960.0, 3444.0, 4086.0, 3782.0, 4216.0, 4046.0, 4091.0, 3729.0, 4209.0, 4315.0, 3135.0, 3966.0, 4042.0, 4224.0, 4121.0, 4284.0, 3920.0, 4078.0, 4181.0, 3865.0], "episode_lengths": [2000, 2000, 2000, 2000, 2000, 2000, 2000, 2000, 2000, 2000, 2000, 2000, 2000, 2000, 2000, 2000, 2000, 2000, 2000, 2000, 2000, 2000, 2000, 2000, 2000, 2000, 2000, 2000, 2000, 2000, 2000, 2000, 2000, 2000, 2000, 2000, 2000, 2000, 2000, 2000, 2000, 2000, 2000, 2000, 2000, 2000, 2000, 2000, 2000, 2000, 2000, 2000, 2000, 2000, 2000, 2000, 2000, 2000, 2000, 2000, 2000, 2000, 2000, 2000, 2000, 2000, 2000, 2000, 2000, 2000, 2000, 2000, 2000, 2000, 2000, 2000, 2000, 2000, 2000, 2000, 2000, 2000, 2000, 2000, 2000, 2000, 2000, 2000, 2000, 2000, 2000, 2000, 2000, 2000, 2000, 2000, 2000, 2000, 2000, 2000, 2000, 2000, 2000, 2000, 2000, 2000, 2000, 2000, 2000, 2000, 2000, 2000, 2000, 2000, 2000, 2000, 2000, 2000, 2000, 2000, 2000, 2000, 2000, 2000, 2000, 2000, 2000, 2000, 2000, 2000, 2000, 2000, 2000, 2000, 2000, 2000, 2000, 2000, 2000, 2000, 2000, 2000, 2000, 2000, 2000, 2000, 2000, 2000, 2000, 2000, 2000, 2000, 2000, 2000, 2000, 2000, 2000, 2000, 2000, 2000, 2000, 2000, 2000, 2000, 2000, 2000, 2000, 2000, 2000, 2000, 2000, 2000, 2000, 2000, 2000, 2000, 2000, 2000, 2000, 2000, 2000, 2000, 2000, 2000, 2000, 2000, 2000, 2000, 2000, 2000, 2000, 2000, 2000, 2000, 2000, 2000, 2000, 2000, 2000, 2000, 2000, 2000, 2000, 2000, 2000, 2000, 2000, 2000, 2000, 2000, 2000, 2000, 2000, 2000, 2000, 2000, 2000, 2000, 2000, 2000, 2000, 2000, 2000, 2000, 2000], "policy_player_0_reward": [628.0, 657.0, 517.0, 532.0, 528.0, 575.0, 601.0, 473.0, 563.0, 575.0, 612.0, 484.0, 562.0, 536.0, 529.0, 583.0, 485.0, 653.0, 647.0, 551.0, 607.0, 657.0, 636.0, 696.0, 665.0, 822.0, 714.0, 533.0, 646.0, 745.0, 710.0, 688.0, 655.0, 691.0, 678.0, 766.0, 640.0, 644.0, 527.0, 697.0, 667.0, 586.0, 749.0, 571.0, 610.0, 584.0, 700.0, 661.0, 602.0, 633.0, 595.0, 539.0, 617.0, 574.0, 619.0, 583.0, 624.0, 575.0, 524.0, 643.0, 665.0, 707.0, 714.0, 588.0, 611.0, 722.0, 752.0, 533.0, 614.0, 653.0, 627.0, 611.0, 609.0, 685.0, 796.0, 712.0, 752.0, 570.0, 789.0, 675.0, 589.0, 666.0, 700.0, 661.0, 514.0, 763.0, 664.0, 563.0, 661.0, 777.0, 528.0, 593.0, 631.0, 809.0, 633.0, 749.0, 625.0, 596.0, 701.0, 845.0, 700.0, 611.0, 681.0, 605.0, 715.0, 583.0, 541.0, 782.0, 716.0, 741.0, 659.0, 584.0, 613.0, 685.0, 617.0, 726.0, 617.0, 651.0, 636.0, 722.0, 669.0, 585.0, 602.0, 652.0, 681.0, 609.0, 714.0, 703.0, 708.0, 606.0, 712.0, 685.0, 609.0, 589.0, 690.0, 689.0, 650.0, 753.0, 534.0, 550.0, 693.0, 664.0, 679.0, 736.0, 530.0, 628.0, 726.0, 669.0, 599.0, 752.0, 670.0, 631.0, 654.0, 707.0, 625.0, 649.0, 629.0, 611.0, 687.0, 654.0, 691.0, 645.0, 634.0, 566.0, 736.0, 640.0, 670.0, 594.0, 599.0, 687.0, 724.0, 729.0, 694.0, 726.0, 701.0, 647.0, 679.0, 704.0, 651.0, 706.0, 604.0, 647.0, 668.0, 702.0, 653.0, 501.0, 656.0, 547.0, 616.0, 536.0, 689.0, 714.0, 666.0, 628.0, 757.0, 580.0, 661.0, 635.0, 722.0, 736.0, 605.0, 525.0, 703.0, 653.0, 646.0, 661.0, 633.0, 677.0, 573.0, 700.0, 599.0, 630.0, 587.0, 628.0, 661.0, 452.0, 765.0, 706.0, 620.0, 651.0, 712.0, 538.0, 631.0, 652.0, 614.0], "policy_player_1_reward": [0.0, 0.0, 0.0, 0.0, 0.0, 0.0, 0.0, 0.0, 0.0, 0.0, 0.0, 0.0, 0.0, 0.0, 0.0, 0.0, 0.0, 0.0, 0.0, 0.0, 0.0, 0.0, 0.0, 0.0, 0.0, 0.0, 0.0, 0.0, 0.0, 0.0, 0.0, 0.0, 0.0, 0.0, 0.0, 0.0, 0.0, 0.0, 0.0, 0.0, 0.0, 0.0, 0.0, 0.0, 0.0, 0.0, 0.0, 0.0, 0.0, 0.0, 0.0, 0.0, 0.0, 0.0, 0.0, 0.0, 0.0, 0.0, 0.0, 0.0, 0.0, 0.0, 0.0, 0.0, 0.0, 0.0, 0.0, 0.0, 0.0, 0.0, 0.0, 0.0, 0.0, 0.0, 0.0, 0.0, 0.0, 0.0, 0.0, 0.0, 0.0, 0.0, 0.0, 0.0, 0.0, 0.0, 0.0, 0.0, 0.0, 0.0, 0.0, 0.0, 0.0, 0.0, 0.0, 0.0, 0.0, 0.0, 0.0, 0.0, 0.0, 0.0, 0.0, 0.0, 0.0, 0.0, 0.0, 0.0, 0.0, 0.0, 0.0, 0.0, 0.0, 0.0, 0.0, 0.0, 0.0, 0.0, 0.0, 0.0, 0.0, 0.0, 0.0, 0.0, 0.0, 0.0, 0.0, 0.0, 0.0, 0.0, 0.0, 0.0, 0.0, 0.0, 0.0, 0.0, 0.0, 0.0, 0.0, 0.0, 0.0, 0.0, 0.0, 0.0, 0.0, 0.0, 0.0, 0.0, 0.0, 0.0, 0.0, 0.0, 0.0, 0.0, 0.0, 0.0, 0.0, 0.0, 0.0, 0.0, 0.0, 0.0, 0.0, 0.0, 0.0, 0.0, 0.0, 0.0, 0.0, 0.0, 0.0, 0.0, 0.0, 0.0, 0.0, 0.0, 0.0, 0.0, 0.0, 0.0, 0.0, 0.0, 0.0, 0.0, 0.0, 0.0, 0.0, 0.0, 0.0, 0.0, 0.0, 0.0, 0.0, 0.0, 0.0, 0.0, 0.0, 0.0, 0.0, 0.0, 0.0, 0.0, 0.0, 0.0, 0.0, 0.0, 0.0, 0.0, 0.0, 0.0, 0.0, 0.0, 0.0, 0.0, 0.0, 0.0, 0.0, 0.0, 0.0, 0.0, 0.0, 0.0, 0.0, 0.0, 0.0],