{"env_runners": {"episode_reward_max": 1668.0, "episode_reward_min": 944.0, "episode_reward_mean": 1377.888888888889, "episode_len_mean": 2000.0, "episode_media": {}, "episodes_this_iter": 225, "episodes_timesteps_total": 450000, "policy_reward_min": {"player_0": 87.0, "player_1": 47.0, "player_2": 182.0, "player_3": 93.0, "player_4": 97.0, "player_5": 105.0, "player_6": 126.0}, "policy_reward_max": {"player_0": 282.0, "player_1": 165.0, "player_2": 425.0, "player_3": 285.0, "player_4": 255.0, "player_5": 332.0, "player_6": 332.0}, "policy_reward_mean": {"player_0": 169.85777777777778, "player_1": 103.57777777777778, "player_2": 287.21777777777777, "player_3": 196.18666666666667, "player_4": 171.10222222222222, "player_5": 232.76, "player_6": 217.18666666666667}, "custom_metrics": {}, "hist_stats": {"episode_reward": [1370.0, 1399.0, 1389.0, 1535.0, 1176.0, 1438.0, 1297.0, 1208.0, 1470.0, 1551.0, 1176.0, 1480.0, 1463.0, 1598.0, 1466.0, 1476.0, 1271.0, 1489.0, 1476.0, 1510.0, 1475.0, 1362.0, 1432.0, 1622.0, 1465.0, 1203.0, 1364.0, 1314.0, 1320.0, 1604.0, 1093.0, 1372.0, 1276.0, 1248.0, 1416.0, 1548.0, 1279.0, 1310.0, 1510.0, 1364.0, 1240.0, 1299.0, 1516.0, 1456.0, 1460.0, 1488.0, 1493.0, 1332.0, 1460.0, 1448.0, 1347.0, 1311.0, 1236.0, 1327.0, 1300.0, 1306.0, 1230.0, 1108.0, 1276.0, 1410.0, 1131.0, 1448.0, 1489.0, 1470.0, 1432.0, 1304.0, 1343.0, 1179.0, 1494.0, 1218.0, 1177.0, 1132.0, 1365.0, 1267.0, 1546.0, 1231.0, 1483.0, 1504.0, 1311.0, 1515.0, 1392.0, 1368.0, 1240.0, 1510.0, 1430.0, 1473.0, 1320.0, 1318.0, 1392.0, 1416.0, 1423.0, 1361.0, 1252.0, 1496.0, 1334.0, 1231.0, 1099.0, 1283.0, 1351.0, 1376.0, 1272.0, 1601.0, 1350.0, 1395.0, 1494.0, 1599.0, 1207.0, 1341.0, 1408.0, 1341.0, 1467.0, 1469.0, 1553.0, 1248.0, 1389.0, 1261.0, 1457.0, 1348.0, 1357.0, 1172.0, 1257.0, 1325.0, 1526.0, 944.0, 1398.0, 1420.0, 1391.0, 1279.0, 1316.0, 1373.0, 1410.0, 1127.0, 1360.0, 1477.0, 1609.0, 1391.0, 1409.0, 1556.0, 1394.0, 1322.0, 1260.0, 1328.0, 1513.0, 1322.0, 1283.0, 1352.0, 1333.0, 1225.0, 1352.0, 1319.0, 1602.0, 1440.0, 1448.0, 1513.0, 1668.0, 1252.0, 1285.0, 1528.0, 1181.0, 1517.0, 1428.0, 1494.0, 1544.0, 1334.0, 1490.0, 1662.0, 1289.0, 1329.0, 1425.0, 1449.0, 1345.0, 1353.0, 1348.0, 1311.0, 1221.0, 1314.0, 1355.0, 1492.0, 1486.0, 1369.0, 1338.0, 1223.0, 1238.0, 1159.0, 1269.0, 1363.0, 1162.0, 1303.0, 1304.0, 1367.0, 1420.0, 1425.0, 1370.0, 1500.0, 1553.0, 1398.0, 1421.0, 1297.0, 1454.0, 1222.0, 1487.0, 1497.0, 1523.0, 1317.0, 1359.0, 1417.0, 1503.0, 1378.0, 1376.0, 1373.0, 1620.0, 1212.0, 1309.0, 1452.0, 1327.0, 1569.0, 1522.0, 1423.0, 1429.0, 1404.0, 1550.0, 1239.0, 1440.0, 1471.0, 1308.0], "episode_lengths": [2000, 2000, 2000, 2000, 2000, 2000, 2000, 2000, 2000, 2000, 2000, 2000, 2000, 2000, 2000, 2000, 2000, 2000, 2000, 2000, 2000, 2000, 2000, 2000, 2000, 2000, 2000, 2000, 2000, 2000, 2000, 2000, 2000, 2000, 2000, 2000, 2000, 2000, 2000, 2000, 2000, 2000, 2000, 2000, 2000, 2000, 2000, 2000, 2000, 2000, 2000, 2000, 2000, 2000, 2000, 2000, 2000, 2000, 2000, 2000, 2000, 2000, 2000, 2000, 2000, 2000, 2000, 2000, 2000, 2000, 2000, 2000, 2000, 2000, 2000, 2000, 2000, 2000, 2000, 2000, 2000, 2000, 2000, 2000, 2000, 2000, 2000, 2000, 2000, 2000, 2000, 2000, 2000, 2000, 2000, 2000, 2000, 2000, 2000, 2000, 2000, 2000, 2000, 2000, 2000, 2000, 2000, 2000, 2000, 2000, 2000, 2000, 2000, 2000, 2000, 2000, 2000, 2000, 2000, 2000, 2000, 2000, 2000, 2000, 2000, 2000, 2000, 2000, 2000, 2000, 2000, 2000, 2000, 2000, 2000, 2000, 2000, 2000, 2000, 2000, 2000, 2000, 2000, 2000, 2000, 2000, 2000, 2000, 2000, 2000, 2000, 2000, 2000, 2000, 2000, 2000, 2000, 2000, 2000, 2000, 2000, 2000, 2000, 2000, 2000, 2000, 2000, 2000, 2000, 2000, 2000, 2000, 2000, 2000, 2000, 2000, 2000, 2000, 2000, 2000, 2000, 2000, 2000, 2000, 2000, 2000, 2000, 2000, 2000, 2000, 2000, 2000, 2000, 2000, 2000, 2000, 2000, 2000, 2000, 2000, 2000, 2000, 2000, 2000, 2000, 2000, 2000, 2000, 2000, 2000, 2000, 2000, 2000, 2000, 2000, 2000, 2000, 2000, 2000, 2000, 2000, 2000, 2000, 2000, 2000], "policy_player_0_reward": [199.0, 121.0, 150.0, 188.0, 148.0, 189.0, 115.0, 160.0, 116.0, 175.0, 159.0, 196.0, 218.0, 219.0, 132.0, 135.0, 149.0, 211.0, 182.0, 191.0, 173.0, 121.0, 200.0, 188.0, 154.0, 152.0, 182.0, 149.0, 157.0, 200.0, 187.0, 212.0, 126.0, 163.0, 184.0, 212.0, 187.0, 175.0, 175.0, 150.0, 174.0, 157.0, 154.0, 196.0, 184.0, 159.0, 201.0, 154.0, 147.0, 282.0, 169.0, 192.0, 200.0, 143.0, 167.0, 134.0, 139.0, 142.0, 127.0, 198.0, 143.0, 188.0, 186.0, 207.0, 238.0, 118.0, 169.0, 161.0, 182.0, 108.0, 109.0, 155.0, 159.0, 162.0, 192.0, 121.0, 185.0, 169.0, 185.0, 210.0, 182.0, 184.0, 154.0, 227.0, 177.0, 169.0, 183.0, 157.0, 180.0, 161.0, 193.0, 167.0, 134.0, 188.0, 216.0, 231.0, 137.0, 149.0, 148.0, 192.0, 153.0, 173.0, 196.0, 177.0, 223.0, 195.0, 139.0, 123.0, 165.0, 185.0, 187.0, 226.0, 187.0, 178.0, 167.0, 92.0, 161.0, 189.0, 218.0, 153.0, 129.0, 148.0, 160.0, 104.0, 210.0, 152.0, 187.0, 189.0, 214.0, 152.0, 147.0, 145.0, 188.0, 175.0, 215.0, 153.0, 183.0, 216.0, 158.0, 177.0, 174.0, 129.0, 135.0, 148.0, 168.0, 145.0, 167.0, 157.0, 168.0, 139.0, 215.0, 196.0, 202.0, 179.0, 226.0, 141.0, 142.0, 218.0, 138.0, 200.0, 160.0, 184.0, 195.0, 169.0, 206.0, 216.0, 136.0, 141.0, 172.0, 189.0, 135.0, 177.0, 167.0, 139.0, 186.0, 127.0, 187.0, 164.0, 156.0, 167.0, 156.0, 190.0, 87.0, 167.0, 170.0, 173.0, 133.0, 100.0, 181.0, 132.0, 215.0, 117.0, 186.0, 179.0, 197.0, 155.0, 178.0, 134.0, 138.0, 114.0, 184.0, 218.0, 172.0, 124.0, 202.0, 178.0, 157.0, 200.0, 125.0, 237.0, 170.0, 177.0, 188.0, 149.0, 173.0, 186.0, 201.0, 171.0, 189.0, 130.0, 187.0, 155.0, 214.0, 130.0, 155.0], "policy_player_1_reward": [67.0, 133.0, 102.0, 133.0, 79.0, 88.0, 89.0, 82.0, 131.0, 124.0, 82.0, 120.0, 87.0, 157.0, 131.0, 125.0, 77.0, 113.0, 109.0, 114.0, 154.0, 98.0, 100.0, 116.0, 115.0, 94.0, 85.0, 96.0, 141.0, 137.0, 62.0, 114.0, 89.0, 69.0, 110.0, 99.0, 103.0, 108.0, 125.0, 73.0, 95.0, 79.0, 165.0, 128.0, 94.0, 138.0, 118.0, 109.0, 82.0, 104.0, 98.0, 105.0, 89.0, 116.0, 87.0, 116.0, 87.0, 62.0, 102.0, 85.0, 81.0, 101.0, 117.0, 103.0, 120.0, 93.0, 108.0, 50.0, 97.0, 75.0, 79.0, 93.0, 103.0, 80.0, 98.0, 132.0, 102.0, 98.0, 96.0, 136.0, 99.0, 109.0, 79.0, 97.0, 127.0, 87.0, 72.0, 82.0, 96.0, 142.0, 113.0, 97.0, 122.0, 121.0, 92.0, 84.0, 79.0, 84.0, 71.0, 79.0, 81.0, 114.0, 112.0, 122.0, 143.0, 134.0, 102.0, 107.0, 116.0, 94.0, 114.0, 97.0, 114.0, 63.0, 85.0, 87.0, 97.0, 71.0, 87.0, 88.0, 55.0, 110.0, 108.0, 64.0, 86.0, 111.0, 107.0, 120.0, 100.0, 111.0, 126.0, 75.0, 100.0, 130.0, 101.0, 70.0, 102.0, 114.0, 93.0, 121.0, 123.0, 106.0, 106.0, 113.0, 109.0, 133.0, 100.0, 70.0, 73.0, 47.0, 107.0, 124.0, 126.0, 108.0, 147.0, 89.0, 79.0, 114.0, 91.0, 119.0, 110.0, 120.0, 109.0, 132.0, 122.0, 128.0, 93.0, 87.0, 120.0, 76.0, 94.0, 91.0, 84.0, 126.0, 116.0, 104.0, 129.0, 106.0, 92.0, 115.0, 113.0, 100.0, 85.0, 65.0, 92.0, 107.0, 103.0, 102.0, 67.0, 142.0, 101.0, 99.0, 124.0, 119.0, 115.0, 84.0, 114.0, 105.0, 109.0, 82.0, 112.0, 104.0, 147.0, 129.0, 96.0, 77.0, 129.0, 103.0, 94.0, 91.0, 156.0, 109.0, 143.0, 128.0, 99.0, 109.0, 95.0, 136.0, 126.0, 125.0, 124.0, 101.0, 88.0, 102.0, 100.0],