{"env_runners": {"episode_reward_max": 4661.0, "episode_reward_min": 2065.0, "episode_reward_mean": 4204.444444444444, "episode_len_mean": 2000.0, "episode_media": {}, "episodes_this_iter": 225, "episodes_timesteps_total": 450000, "policy_reward_min": {"player_0": 430.0, "player_1": 0.0, "player_2": 0.0, "player_3": 345.0, "player_4": 436.0, "player_5": 450.0, "player_6": 391.0}, "policy_reward_max": {"player_0": 918.0, "player_1": 0.0, "player_2": 894.0, "player_3": 843.0, "player_4": 793.0, "player_5": 863.0, "player_6": 885.0}, "policy_reward_mean": {"player_0": 707.92, "player_1": 0.0, "player_2": 732.3555555555556, "player_3": 685.2266666666667, "player_4": 654.3866666666667, "player_5": 688.1244444444444, "player_6": 736.4311111111111}, "custom_metrics": {}, "hist_stats": {"episode_reward": [4018.0, 4147.0, 3916.0, 4043.0, 4160.0, 4053.0, 4069.0, 4169.0, 4025.0, 3977.0, 4207.0, 4101.0, 3951.0, 3869.0, 4145.0, 4073.0, 3833.0, 4198.0, 3951.0, 3995.0, 4103.0, 4350.0, 4281.0, 4245.0, 4370.0, 4117.0, 4318.0, 3929.0, 4215.0, 4212.0, 3958.0, 4392.0, 4083.0, 4123.0, 4544.0, 4219.0, 4338.0, 3960.0, 4048.0, 4211.0, 4334.0, 4030.0, 4519.0, 3986.0, 4414.0, 4661.0, 4496.0, 4255.0, 4166.0, 4326.0, 4334.0, 4163.0, 4081.0, 4192.0, 4388.0, 4367.0, 4067.0, 3980.0, 4082.0, 4301.0, 4052.0, 4287.0, 4263.0, 4276.0, 4462.0, 4264.0, 4359.0, 4173.0, 4211.0, 4227.0, 4111.0, 4357.0, 4209.0, 4552.0, 4043.0, 4042.0, 4441.0, 4319.0, 4420.0, 4281.0, 3986.0, 3932.0, 4372.0, 4293.0, 4316.0, 4304.0, 4142.0, 4082.0, 4273.0, 4560.0, 4310.0, 4375.0, 4506.0, 4097.0, 4470.0, 4367.0, 4251.0, 4053.0, 4048.0, 4398.0, 4412.0, 4007.0, 4458.0, 4248.0, 4168.0, 4387.0, 4541.0, 4365.0, 4146.0, 4226.0, 4231.0, 4134.0, 4344.0, 4018.0, 4313.0, 3996.0, 4233.0, 4532.0, 4525.0, 4266.0, 4038.0, 3854.0, 4229.0, 4400.0, 4148.0, 4436.0, 4362.0, 4322.0, 4348.0, 4041.0, 4454.0, 4332.0, 4464.0, 4111.0, 4424.0, 4334.0, 4328.0, 4418.0, 4329.0, 4299.0, 4578.0, 4312.0, 4251.0, 4256.0, 4530.0, 4317.0, 4001.0, 4061.0, 3617.0, 3646.0, 4316.0, 4388.0, 4045.0, 4228.0, 4038.0, 4261.0, 4060.0, 4151.0, 4302.0, 4095.0, 4065.0, 4174.0, 4412.0, 4444.0, 4129.0, 4088.0, 4275.0, 4122.0, 4205.0, 4229.0, 4388.0, 4285.0, 4282.0, 4338.0, 4366.0, 4261.0, 4384.0, 3975.0, 4294.0, 3942.0, 4086.0, 4365.0, 4105.0, 4024.0, 3942.0, 4100.0, 4289.0, 4311.0, 4049.0, 4459.0, 4195.0, 4365.0, 4312.0, 4271.0, 4260.0, 4100.0, 4305.0, 4163.0, 4273.0, 4344.0, 4112.0, 3951.0, 4205.0, 3968.0, 4128.0, 4389.0, 4076.0, 4229.0, 4437.0, 3830.0, 4135.0, 4088.0, 4252.0, 4258.0, 4083.0, 3795.0, 2065.0, 4349.0, 3919.0, 3994.0, 4299.0, 4188.0, 4461.0, 4241.0, 4356.0], "episode_lengths": [2000, 2000, 2000, 2000, 2000, 2000, 2000, 2000, 2000, 2000, 2000, 2000, 2000, 2000, 2000, 2000, 2000, 2000, 2000, 2000, 2000, 2000, 2000, 2000, 2000, 2000, 2000, 2000, 2000, 2000, 2000, 2000, 2000, 2000, 2000, 2000, 2000, 2000, 2000, 2000, 2000, 2000, 2000, 2000, 2000, 2000, 2000, 2000, 2000, 2000, 2000, 2000, 2000, 2000, 2000, 2000, 2000, 2000, 2000, 2000, 2000, 2000, 2000, 2000, 2000, 2000, 2000, 2000, 2000, 2000, 2000, 2000, 2000, 2000, 2000, 2000, 2000, 2000, 2000, 2000, 2000, 2000, 2000, 2000, 2000, 2000, 2000, 2000, 2000, 2000, 2000, 2000, 2000, 2000, 2000, 2000, 2000, 2000, 2000, 2000, 2000, 2000, 2000, 2000, 2000, 2000, 2000, 2000, 2000, 2000, 2000, 2000, 2000, 2000, 2000, 2000, 2000, 2000, 2000, 2000, 2000, 2000, 2000, 2000, 2000, 2000, 2000, 2000, 2000, 2000, 2000, 2000, 2000, 2000, 2000, 2000, 2000, 2000, 2000, 2000, 2000, 2000, 2000, 2000, 2000, 2000, 2000, 2000, 2000, 2000, 2000, 2000, 2000, 2000, 2000, 2000, 2000, 2000, 2000, 2000, 2000, 2000, 2000, 2000, 2000, 2000, 2000, 2000, 2000, 2000, 2000, 2000, 2000, 2000, 2000, 2000, 2000, 2000, 2000, 2000, 2000, 2000, 2000, 2000, 2000, 2000, 2000, 2000, 2000, 2000, 2000, 2000, 2000, 2000, 2000, 2000, 2000, 2000, 2000, 2000, 2000, 2000, 2000, 2000, 2000, 2000, 2000, 2000, 2000, 2000, 2000, 2000, 2000, 2000, 2000, 2000, 2000, 2000, 2000, 2000, 2000, 2000, 2000, 2000, 2000], "policy_player_0_reward": [680.0, 691.0, 537.0, 592.0, 732.0, 716.0, 550.0, 782.0, 753.0, 603.0, 700.0, 628.0, 626.0, 614.0, 734.0, 749.0, 540.0, 700.0, 660.0, 560.0, 613.0, 741.0, 576.0, 693.0, 786.0, 760.0, 698.0, 650.0, 581.0, 752.0, 625.0, 677.0, 695.0, 798.0, 756.0, 790.0, 764.0, 648.0, 664.0, 752.0, 716.0, 745.0, 730.0, 640.0, 701.0, 732.0, 810.0, 721.0, 673.0, 664.0, 675.0, 738.0, 712.0, 678.0, 750.0, 812.0, 635.0, 732.0, 647.0, 687.0, 694.0, 691.0, 689.0, 698.0, 756.0, 802.0, 732.0, 687.0, 693.0, 704.0, 748.0, 782.0, 678.0, 764.0, 582.0, 714.0, 825.0, 735.0, 796.0, 689.0, 581.0, 624.0, 795.0, 726.0, 686.0, 740.0, 606.0, 752.0, 612.0, 671.0, 792.0, 742.0, 713.0, 744.0, 746.0, 850.0, 725.0, 755.0, 646.0, 815.0, 839.0, 727.0, 662.0, 749.0, 754.0, 660.0, 739.0, 841.0, 765.0, 691.0, 683.0, 815.0, 830.0, 623.0, 746.0, 674.0, 717.0, 735.0, 714.0, 713.0, 616.0, 620.0, 758.0, 747.0, 813.0, 842.0, 749.0, 731.0, 836.0, 638.0, 661.0, 686.0, 918.0, 659.0, 737.0, 740.0, 742.0, 829.0, 693.0, 659.0, 817.0, 768.0, 663.0, 683.0, 725.0, 731.0, 785.0, 723.0, 596.0, 606.0, 743.0, 815.0, 671.0, 669.0, 620.0, 731.0, 791.0, 691.0, 703.0, 699.0, 504.0, 703.0, 643.0, 752.0, 723.0, 731.0, 742.0, 633.0, 651.0, 746.0, 721.0, 754.0, 637.0, 773.0, 728.0, 735.0, 709.0, 756.0, 743.0, 638.0, 692.0, 683.0, 652.0, 658.0, 591.0, 683.0, 717.0, 661.0, 645.0, 730.0, 656.0, 692.0, 820.0, 700.0, 656.0, 713.0, 787.0, 715.0, 610.0, 794.0, 701.0, 697.0, 706.0, 756.0, 654.0, 725.0, 677.0, 801.0, 758.0, 667.0, 749.0, 736.0, 755.0, 752.0, 619.0, 683.0, 430.0, 789.0, 698.0, 731.0, 731.0, 708.0, 753.0, 748.0, 656.0], "policy_player_1_reward": [0.0, 0.0, 0.0, 0.0, 0.0, 0.0, 0.0, 0.0, 0.0, 0.0, 0.0, 0.0, 0.0, 0.0, 0.0, 0.0, 0.0, 0.0, 0.0, 0.0, 0.0, 0.0, 0.0, 0.0, 0.0, 0.0, 0.0, 0.0, 0.0, 0.0, 0.0, 0.0, 0.0, 0.0, 0.0, 0.0, 0.0, 0.0, 0.0, 0.0, 0.0, 0.0, 0.0, 0.0, 0.0, 0.0, 0.0, 0.0, 0.0, 0.0, 0.0, 0.0, 0.0, 0.0, 0.0, 0.0, 0.0, 0.0, 0.0, 0.0, 0.0, 0.0, 0.0, 0.0, 0.0, 0.0, 0.0, 0.0, 0.0, 0.0, 0.0, 0.0, 0.0, 0.0, 0.0, 0.0, 0.0, 0.0, 0.0, 0.0, 0.0, 0.0, 0.0, 0.0, 0.0, 0.0, 0.0, 0.0, 0.0, 0.0, 0.0, 0.0, 0.0, 0.0, 0.0, 0.0, 0.0, 0.0, 0.0, 0.0, 0.0, 0.0, 0.0, 0.0, 0.0, 0.0, 0.0, 0.0, 0.0, 0.0, 0.0, 0.0, 0.0, 0.0, 0.0, 0.0, 0.0, 0.0, 0.0, 0.0, 0.0, 0.0, 0.0, 0.0, 0.0, 0.0, 0.0, 0.0, 0.0, 0.0, 0.0, 0.0, 0.0, 0.0, 0.0, 0.0, 0.0, 0.0, 0.0, 0.0, 0.0, 0.0, 0.0, 0.0, 0.0, 0.0, 0.0, 0.0, 0.0, 0.0, 0.0, 0.0, 0.0, 0.0, 0.0, 0.0, 0.0, 0.0, 0.0, 0.0, 0.0, 0.0, 0.0, 0.0, 0.0, 0.0, 0.0, 0.0, 0.0, 0.0, 0.0, 0.0, 0.0, 0.0, 0.0, 0.0, 0.0, 0.0, 0.0, 0.0, 0.0, 0.0, 0.0, 0.0, 0.0, 0.0, 0.0, 0.0, 0.0, 0.0, 0.0, 0.0, 0.0, 0.0, 0.0, 0.0, 0.0, 0.0, 0.0, 0.0, 0.0, 0.0, 0.0, 0.0, 0.0, 0.0, 0.0, 0.0, 0.0, 0.0, 0.0, 0.0, 0.0, 0.0, 0.0, 0.0, 0.0, 0.0, 0.0, 0.0, 0.0, 0.0, 0.0, 0.0, 0.0],